fitness,AUC,AUPR
snac,1.0,0.9999999999999999
nbc,1.0,0.9999999999999999
lsa,1.0,1.0
dsa,1.0,1.0
