fitness,AUC,AUPR
snac,0.9995775526275353,0.9915258495628049
nbc,1.0,0.9999999999999999
lsa,1.0,1.0
dsa,0.9999999999999999,1.0
